INSERT INTO users (name, age, cpf, gender, phone_number, address, email, password) VALUES
('John Doe', 30, '123.456.789-01', 'Male', '1234567890', '123 Elm Street, Springfield', 'johndoe@example.com', 'password1'),
('Jane Smith', 25, '234.567.890-12', 'Female', '2345678901', '456 Oak Avenue, Metropolis', 'janesmith@example.com', 'password2'),
('Robert Johnson', 28, '345.678.901-23', 'Male', '3456789012', '789 Pine Road, Gotham', 'robertjohnson@example.com', 'password3'),
('Emily Davis', 35, '456.789.012-34', 'Female', '4567890123', '321 Maple Lane, Star City', 'emilydavis@example.com', 'password4'),
('Michael Brown', 22, '567.890.123-45', 'Male', '5678901234', '654 Birch Street, Central City', 'michaelbrown@example.com', 'password5'),
('Sophia Wilson', 31, '678.901.234-56', 'Female', '6789012345', '987 Cedar Avenue, Coast City', 'sophiawilson@example.com', 'password6'),
('James Martinez', 29, '789.012.345-67', 'Male', '7890123456', '135 Spruce Road, Hill Valley', 'jamesmartinez@example.com', 'password7'),
('Olivia Garcia', 27, '890.123.456-78', 'Female', '8901234567', '246 Willow Lane, Riverdale', 'oliviagarcia@example.com', 'password8'),
('William Taylor', 33, '901.234.567-89', 'Male', '9012345678', '357 Fir Street, Smallville', 'williamtaylor@example.com', 'password9'),
('Isabella Thomas', 24, '012.345.678-90', 'Female', '0123456789', '468 Aspen Avenue, Sunnydale', 'isabellathomas@example.com', 'password10'),
('Benjamin Moore', 32, '111.222.333-44', 'Male', '1112223334', '579 Poplar Road, River City', 'benjaminmoore@example.com', 'password11'),
('Charlotte Anderson', 26, '222.333.444-55', 'Female', '2223334445', '680 Palm Street, Emerald City', 'charlotteanderson@example.com', 'password12'),
('Lucas Thompson', 36, '333.444.555-66', 'Male', '3334445556', '791 Cypress Lane, Springfield', 'lucasthompson@example.com', 'password13'),
('Amelia Harris', 23, '444.555.666-97', 'Female', '4445556667', '802 Sycamore Avenue, Metropolis', 'ameliaharris@example.com', 'password14'),
('Mason Clark', 34, '555.666.777-88', 'Male', '5556667778', '913 Chestnut Road, Gotham', 'masonclark@example.com', 'password15'),
('Mia Lewis', 29, '666.777.888-99', 'Female', '6667778889', '102 Ash Street, Star City', 'mialewis@example.com', 'password16'),
('Elijah Lee', 21, '777.888.999-00', 'Male', '7778889990', '203 Magnolia Avenue, Central City', 'elijahlee@example.com', 'password17'),
('Harper Young', 37, '888.999.000-11', 'Female', '8889990001', '304 Dogwood Road, Coast City', 'harperyoung@example.com', 'password18'),
('Ethan Hill', 28, '999.000.111-22', 'Male', '9990001112', '405 Redwood Lane, Hill Valley', 'ethanhill@example.com', 'password19'),
('Avery Scott', 30, '000.111.222-33', 'Female', '0001112223', '506 Juniper Street, Riverdale', 'averyscott@example.com', 'password20'),
('Sebastian King', 33, '111.222.333-84', 'Male', '1112223334', '607 Alder Avenue, Smallville', 'sebastianking@example.com', 'password21'),
('Ella Wright', 25, '222.333.444-95', 'Female', '2223334445', '708 Cottonwood Road, Sunnydale', 'ellawright@example.com', 'password22'),
('Jack Green', 35, '333.444.555-67', 'Male', '3334445556', '809 Elm Street, River City', 'jackgreen@example.com', 'password23'),
('Lily Adams', 26, '444.555.666-77', 'Female', '4445556667', '910 Oak Avenue, Emerald City', 'lilyadams@example.com', 'password24'),
('Henry Nelson', 29, '555.666.777-80', 'Male', '5556667778', '101 Maple Lane, Springfield', 'henrynelson@example.com', 'password25');

INSERT INTO messages (user_sent_id, user_received_id, title, description, created_at) VALUES
(1, 2, 'Welcome', 'Welcome to our platform! Let us know if you have any questions.', '2024-01-01 10:00:00'),
(2, 1, 'Re: Welcome', 'Thank you! I will explore the features.', '2024-01-01 11:00:00'),
(3, 1, 'Feedback', 'I love the platform, but I have a suggestion.', '2024-01-02 09:00:00'),
(1, 3, 'Re: Feedback', 'Thank you for your feedback! We appreciate it.', '2024-01-02 10:00:00'),
(4, 2, 'Inquiry', 'Can you help me with setting up my account?', '2024-01-03 08:30:00'),
(2, 4, 'Re: Inquiry', 'Sure! I will send you the instructions shortly.', '2024-01-03 09:00:00'),
(5, 3, 'Order Issue', 'I have an issue with my recent order.', '2024-01-04 14:20:00'),
(3, 5, 'Re: Order Issue', 'Can you please provide more details about the issue?', '2024-01-04 15:00:00'),
(6, 1, 'Suggestion', 'You should add a search feature to the platform.', '2024-01-05 10:15:00'),
(1, 6, 'Re: Suggestion', 'Thanks for the suggestion! We will consider it.', '2024-01-05 11:00:00'),
(7, 2, 'Payment Issue', 'I am having trouble completing my payment.', '2024-01-06 13:45:00'),
(2, 7, 'Re: Payment Issue', 'I will check this for you. Please wait a moment.', '2024-01-06 14:00:00'),
(8, 4, 'Bug Report', 'I found a bug in the login process.', '2024-01-07 09:20:00'),
(4, 8, 'Re: Bug Report', 'Thank you for reporting! Our team will fix it soon.', '2024-01-07 10:00:00'),
(9, 1, 'Feature Request', 'Can you add a dark mode to the platform?', '2024-01-08 16:30:00'),
(1, 9, 'Re: Feature Request', 'Great idea! We will add it to our roadmap.', '2024-01-08 17:00:00'),
(10, 5, 'Help Needed', 'I need help navigating the dashboard.', '2024-01-09 08:50:00'),
(5, 10, 'Re: Help Needed', 'I will guide you through the process.', '2024-01-09 09:15:00'),
(11, 6, 'Login Problem', 'I cannot log in to my account.', '2024-01-10 14:10:00'),
(6, 11, 'Re: Login Problem', 'Please reset your password and try again.', '2024-01-10 14:30:00'),
(12, 8, 'Account Deletion', 'I would like to delete my account.', '2024-01-11 11:00:00'),
(8, 12, 'Re: Account Deletion', 'We are sorry to see you go. Can you share why?', '2024-01-11 11:30:00'),
(13, 7, 'Product Inquiry', 'Do you have more details about product X?', '2024-01-12 09:45:00'),
(7, 13, 'Re: Product Inquiry', 'Yes, I will send the details to you shortly.', '2024-01-12 10:00:00'),
(14, 9, 'Request for Collaboration', 'I would like to collaborate with your team.', '2024-01-13 15:00:00');

INSERT INTO products (seller_id, title, description, category, price, quantity, image_url) VALUES
(1, 'Smartphone Galaxy X', 'Um smartphone de última geração com câmera 108 MP.', 'Eletrônicos', 3500.00, 10, 'https://example.com/images/smartphone.jpg'),
(2, 'Notebook Pro 15"', 'Notebook potente com 16GB RAM e SSD de 1TB.', 'Informática', 7500.00, 5, 'https://example.com/images/notebook.jpg'),
(3, 'Cadeira Gamer Xtreme', 'Cadeira ergonômica com design moderno.', 'Móveis', 1200.00, 20, 'https://example.com/images/cadeira.jpg'),
(4, 'Relógio Inteligente Y', 'Relógio com monitoramento de saúde.', 'Acessórios', 899.99, 15, 'https://example.com/images/relogio.jpg'),
(5, 'Tênis Corrida Pro', 'Tênis leve e confortável para atletas.', 'Esportes', 499.99, 25, 'https://example.com/images/tenis.jpg'),
(6, 'Fone de Ouvido Bluetooth', 'Áudio de alta qualidade com cancelamento de ruído.', 'Eletrônicos', 299.99, 30, 'https://example.com/images/fone.jpg'),
(7, 'Monitor 4K UltraWide', 'Monitor de 32 polegadas com resolução 4K.', 'Informática', 2500.00, 8, 'https://example.com/images/monitor.jpg'),
(8, 'Mochila Executiva', 'Mochila resistente e elegante para viagens.', 'Acessórios', 199.99, 50, 'https://example.com/images/mochila.jpg'),
(9, 'Console PlayStation 5', 'Console de jogos da nova geração.', 'Games', 4999.99, 12, 'https://example.com/images/ps5.jpg'),
(10, 'Mouse Gamer RGB', 'Mouse com precisão de 12000 DPI.', 'Informática', 199.99, 40, 'https://example.com/images/mouse.jpg'),
(11, 'Câmera DSLR Pro', 'Câmera com lente 50mm e modo profissional.', 'Eletrônicos', 3500.00, 6, 'https://example.com/images/camera.jpg'),
(12, 'Ventilador de Mesa Turbo', 'Ventilador potente com 3 velocidades.', 'Eletrodomésticos', 149.99, 60, 'https://example.com/images/ventilador.jpg'),
(13, 'Cooktop 4 Bocas', 'Fogão compacto e eficiente.', 'Eletrodomésticos', 899.99, 20, 'https://example.com/images/cooktop.jpg'),
(14, 'Caixa de Som Bluetooth', 'Som potente para festas e eventos.', 'Eletrônicos', 399.99, 25, 'https://example.com/images/caixa.jpg'),
(15, 'Bicicleta Mountain Bike', 'Bicicleta robusta para trilhas.', 'Esportes', 2500.00, 10, 'https://example.com/images/bicicleta.jpg'),
(16, 'Livro: Programação Avançada', 'Livro sobre algoritmos e estrutura de dados.', 'Livros', 89.99, 100, 'https://example.com/images/livro.jpg'),
(17, 'Smart TV 55" 4K', 'Televisão com tela UHD e HDR.', 'Eletrônicos', 3500.00, 7, 'https://example.com/images/tv.jpg'),
(18, 'Tablet Pro 11"', 'Tablet com tela retina e suporte para caneta.', 'Eletrônicos', 2200.00, 15, 'https://example.com/images/tablet.jpg'),
(19, 'Teclado Mecânico RGB', 'Teclado gamer com switches mecânicos.', 'Informática', 499.99, 30, 'https://example.com/images/teclado.jpg'),
(20, 'Roteador Wi-Fi 6', 'Roteador de alta velocidade para conexões rápidas.', 'Informática', 349.99, 25, 'https://example.com/images/roteador.jpg'),
(21, 'Cafeteira Expresso', 'Cafeteira automática para café expresso.', 'Eletrodomésticos', 799.99, 10, 'https://example.com/images/cafeteira.jpg'),
(22, 'Skate Longboard', 'Skate para manobras e longas distâncias.', 'Esportes', 899.99, 20, 'https://example.com/images/skate.jpg'),
(23, 'Sofá Retrátil', 'Sofá confortável com design retrátil.', 'Móveis', 2500.00, 3, 'https://example.com/images/sofa.jpg'),
(24, 'Drone 4K', 'Drone com câmera de alta resolução e GPS.', 'Eletrônicos', 4500.00, 5, 'https://example.com/images/drone.jpg'),
(25, 'Caneta Inteligente', 'Caneta digital para anotações em tablets.', 'Acessórios', 299.99, 50, 'https://example.com/images/caneta.jpg');

INSERT INTO favorites (user_id, product_id) VALUES
(1, 3),
(1, 5),
(1, 7),
(2, 1),
(2, 4),
(2, 6),
(3, 2),
(3, 8),
(3, 10),
(4, 3),
(4, 9),
(4, 12),
(5, 11),
(5, 15),
(5, 14),
(6, 13),
(6, 16),
(6, 18),
(7, 17),
(7, 19),
(7, 20),
(8, 22),
(8, 23),
(8, 24),
(9, 25);

INSERT INTO sales (seller_id, buyer_id, product_id, quantity, created_at) VALUES
(1, 2, 3, 2, '2024-01-01 10:00:00'),
(2, 3, 5, 1, '2024-01-02 11:00:00'),
(3, 4, 7, 3, '2024-01-03 14:30:00'),
(4, 5, 9, 1, '2024-01-04 09:15:00'),
(5, 6, 11, 1, '2024-01-05 08:45:00'),
(6, 7, 13, 2, '2024-01-06 16:20:00'),
(7, 8, 15, 1, '2024-01-07 12:10:00'),
(8, 9, 17, 2, '2024-01-08 10:00:00'),
(9, 10, 19, 1, '2024-01-09 11:45:00'),
(10, 1, 21, 3, '2024-01-10 13:30:00'),
(1, 3, 4, 1, '2024-01-11 09:20:00'),
(2, 4, 6, 2, '2024-01-12 14:15:00'),
(3, 5, 8, 1, '2024-01-13 10:00:00'),
(4, 6, 10, 1, '2024-01-14 15:45:00'),
(5, 7, 12, 2, '2024-01-15 11:30:00'),
(6, 8, 14, 1, '2024-01-16 13:15:00'),
(7, 9, 16, 3, '2024-01-17 10:50:00'),
(8, 10, 18, 2, '2024-01-18 12:30:00'),
(9, 1, 20, 1, '2024-01-19 14:00:00'),
(10, 2, 22, 2, '2024-01-20 09:45:00'),
(1, 4, 23, 1, '2024-01-21 16:10:00'),
(2, 5, 24, 3, '2024-01-22 11:40:00'),
(3, 6, 25, 1, '2024-01-23 15:00:00'),
(4, 7, 3, 1, '2024-01-24 08:30:00'),
(5, 8, 5, 2, '2024-01-25 14:25:00');